{"cameraMode":{"drawMode":0,"name":"Shaded","section":"Shading Mode"},"sceneLighting":false,"audioPlay":false,"sceneViewState":{"showFog":true,"showMaterialUpdate":false,"showSkybox":false,"showFlares":true,"showImageEffects":true,"showParticleSystems":true},"in2DMode":false,"pivot":{"x":-1.1920928955078126e-7,"y":0.34562596678733828,"z":0.01824396662414074},"rotation":{"x":-0.03243635222315788,"y":0.7058651447296143,"z":-0.03203670680522919,"w":-0.7070499062538147},"size":2.0071916580200197,"orthographic":true}