{"cameraMode":{"drawMode":0,"name":"Shaded","section":"Shading Mode"},"sceneLighting":false,"audioPlay":false,"sceneViewState":{"showFog":true,"showMaterialUpdate":false,"showSkybox":true,"showFlares":true,"showImageEffects":true,"showParticleSystems":true},"in2DMode":false,"pivot":{"x":7.58319091796875,"y":4.503716945648193,"z":4.479978561401367},"rotation":{"x":0.06430559605360031,"y":-0.7780783772468567,"z":0.07859820872545243,"w":0.6202248930931091},"size":0.5339689254760742,"orthographic":true}