{"cameraMode":{"drawMode":0,"name":"Shaded","section":"Shading Mode"},"sceneLighting":false,"audioPlay":false,"sceneViewState":{"showFog":true,"showMaterialUpdate":false,"showSkybox":true,"showFlares":true,"showImageEffects":true,"showParticleSystems":true},"in2DMode":false,"pivot":{"x":19.055326461791993,"y":7.76151180267334,"z":3.114483594894409},"rotation":{"x":0.09556961804628372,"y":-0.6104750037193298,"z":0.07454002648591995,"w":0.7827069163322449},"size":6.799359321594238,"orthographic":true}